state,sex,date,lf,lf_employed,lf_unemployed,lf_outside,p_rate,u_rate,ep_ratio
Johor,both,2000,1222.4,1195.4,27,604.1,66.9,2.2,68
Johor,female,2000,409.2,401.9,7.4,467.5,46.7,1.8,47.9
Johor,male,2000,813.2,793.6,19.6,136.6,85.6,2.4,86.3
Kedah,both,2000,645.2,626.5,18.7,391.3,62.2,2.9,63.4
Kedah,female,2000,228.7,222,6.7,301,43.2,2.9,44
Kedah,male,2000,416.6,404.6,12,90.3,82.2,2.9,83.6
Kelantan,both,2000,437.2,425.7,11.5,289,60.2,2.6,60.3
Kelantan,female,2000,163.4,158.9,4.5,211.7,43.56171688,2.753977968,44.3
Kelantan,male,2000,273.8,266.8,7,77.3,77.98348049,2.556610665,76.9
Melaka,both,2000,256.9,253.5,3.4,146,63.8,1.3,64.2
Melaka,female,2000,93.69,92.917,0.773,108.762,46.3,0.8,47
Melaka,male,2000,163.23,160.631,2.599,37.205,81.4,1.6,81.6
Negeri Sembilan,both,2000,359.6,347.4,12.2,207.5,63.5,3.4,64.5
Pahang,both,2000,459.1,446.8,12.3,279.5,62.2,2.7,56.7
Pahang,female,2000,139.8,135.5,4.3,209.6,40,3.1,36.8
Pahang,male,2000,319.3,311.3,8,69.8,82.1,2.5,74.2
Perak,both,2000,771.3,744.1,27.2,481.8,61.5,3.5,59.2
Perak,female,2000,269.5,258.3,11.2,360.2,42.8,4.2,41
Perak,male,2000,501.8,485.8,16,121.6,80.5,3.2,77.6
Perlis,both,2000,77,74.8,2.2,49.6,60.8,2.9,61.5
Perlis,female,2000,26.8,25.8,0.9,38.7,40.9,3.5,41.3
Perlis,male,2000,50.2,48.9,1.3,10.9,82.2,2.5,82.5
Penang,both,2000,682.3,669.2,13.1,280.9,70.8,1.9,75.4
Penang,female,2000,296,292.1,3.9,206.5,58.9,1.3,65.1
Penang,male,2000,386.276,377.111,9.165,74.382,83.9,2.4,85.8
Sabah,both,2000,991.6,933.8,57.8,545.1,64.5,5.8,60.8
Sabah,female,2000,302.5,280.2,22.3,437,40.9,7.4,37.9
Sabah,male,2000,689.1,653.6,35.5,108.1,86.4,5.2,82
Sarawak,both,2000,915.7,876.3,39.5,356.5,72,4.3,68.9
Sarawak,female,2000,347.4,329.8,17.6,279,55.5,5.1,52.6
Sarawak,male,2000,568.3,546.4,21.9,77.5,88,3.8,84.6
Selangor,both,2000,1715.3,1681.5,33.8,858.9,66.6,2,60.3
Selangor,female,2000,637.6,627.3,10.2,625.1,50.5,1.6,46.1
Selangor,male,2000,1077.7,1054.1,23.5,233.8,82.17935031,2.180569732,73.8
Terengganu,both,2000,315.4,306,9.4,190.8,62.3,3,60.7
Terengganu,female,2000,103.5,99.8,3.7,140.2,42.47186771,3.6,40.6
Terengganu,male,2000,211.9,206.2,5.7,50.6,80.7,2.7,79.9
Kuala Lumpur,both,2000,680.4,662.8,17.6,368.3,64.9,2.6,68
Kuala Lumpur,female,2000,246.4,240.2,6.2,259.4,48.7,2.5,50.1
Kuala Lumpur,male,2000,434,422.6,11.4,108.8,80,2.6,85.5
Labuan,both,2000,26.7,25.4,1.3,15.8,62.8,4.7,55.2
Labuan,female,2000,7.1,6.7,0.4,12.8,35.7,5.6,31.3
Labuan,male,2000,19.5,18.7,0.9,3,86.8,4.6,75.4
Johor,both,2001,1279,1235.9,43.1,666.3,65.7,3.4,68.4
Johor,female,2001,435.4,420.2,15.2,500.4,46.5,3.5,48.9
Johor,male,2001,843.6,815.7,27.9,165.9,83.6,3.3,86.2
Kedah,both,2001,727.4,701.1,26.4,460.2,61.2,3.6,69
Kedah,female,2001,267.9,258.5,9.4,352.9,43.2,3.5,50
Kedah,male,2001,459.6,442.6,16.9,107.3,81.1,3.7,88.7
Kelantan,both,2001,448,434.3,13.7,323.3,58.1,3.1,59.1
Kelantan,female,2001,160.8,153.6,7.2,234.3,40.69855733,4.47761194,41.2
Kelantan,male,2001,287.2,280.7,6.5,89,76.34237108,2.263231198,77.6
Melaka,both,2001,272.6,267.7,4.9,166.6,62.1,1.8,65.6
Melaka,female,2001,98.979,97.245,1.734,121.64,44.9,1.8,47.6
Melaka,male,2001,173.614,170.464,3.15,44.916,79.4,1.8,83.7
Negeri Sembilan,both,2001,362.8,351.3,11.5,201.5,64.3,3.2,63.5
Pahang,both,2001,451.6,437.8,13.9,266.1,62.9,3.1,54.1
Pahang,female,2001,139.2,134.4,4.9,201.8,40.8,3.5,35.5
Pahang,male,2001,312.4,303.4,9,64.3,82.9,2.9,70.5
Perak,both,2001,761.3,730.7,30.6,513.5,59.7,4,56.8
Perak,female,2001,262.6,250.6,12,374,41.2,4.6,39
Perak,male,2001,498.7,480.1,18.6,139.5,78.1,3.7,74.5
Perlis,both,2001,85.9,82.9,3,60.2,58.8,3.5,66.7
Perlis,female,2001,28.8,27.3,1.5,46.5,38.3,5.1,42.9
Perlis,male,2001,57.1,55.5,1.6,13.6,80.8,2.7,91.6
Penang,both,2001,733.3,714.9,18.3,295.5,71.3,2.5,78.8
Penang,female,2001,293.8,285.7,8.1,215.3,57.7,2.7,62.5
Penang,male,2001,439.508,429.218,10.29,80.262,84.6,2.3,95.3
Sabah,both,2001,1048,979.1,69,546.7,65.7,6.6,61.5
Sabah,female,2001,343.9,319.5,24.4,424.1,44.8,7.1,41.7
Sabah,male,2001,704.1,659.5,44.5,122.7,85.2,6.3,79.7
Sarawak,both,2001,918,877.4,40.6,385.6,70.4,4.4,67.3
Sarawak,female,2001,343,324.3,18.7,298,53.5,5.4,50.8
Sarawak,male,2001,575,553.1,21.9,87.6,86.8,3.8,83.2
Selangor,both,2001,1552.5,1514.7,37.8,764,67,2.4,52.6
Selangor,female,2001,548.3,535.6,12.7,559.3,49.5,2.3,38.3
Selangor,male,2001,1004.2,979,25.2,204.7,83.06725122,2.509460267,66.2
Terengganu,both,2001,307.1,298.6,8.4,195.1,61.2,2.7,57.4
Terengganu,female,2001,99.3,96.4,2.8,143.1,41,2.9,38
Terengganu,male,2001,207.8,202.2,5.6,52,80,2.7,76
Kuala Lumpur,both,2001,723.2,703.7,19.5,378.5,65.6,2.7,71
Kuala Lumpur,female,2001,272.8,265.6,7.2,265,50.7,2.6,54.5
Kuala Lumpur,male,2001,450.4,438.1,12.3,113.5,79.9,2.7,86.9
Labuan,both,2001,28.7,27.2,1.5,16.9,62.9,5.4,57.7
Labuan,female,2001,7.5,7.2,0.3,14,34.9,3.8,32.9
Labuan,male,2001,21.2,19.9,1.3,2.9,87.9,6,79
Johor,both,2002,1259,1222.3,36.7,628.5,66.7,2.9,65.9
Johor,female,2002,441.8,428.3,13.5,472,48.3,3.1,48.6
Johor,male,2002,817.3,794,23.3,156.5,83.9,2.9,81.4
Kedah,both,2002,666.5,645.1,21.4,425.8,61,3.2,61.8
Kedah,female,2002,237.1,229.2,7.9,318.6,42.7,3.3,43.3
Kedah,male,2002,429.4,415.9,13.5,107.2,80,3.1,80.8
Kelantan,both,2002,439.7,422.7,17,305.1,59,3.9,55.5
Kelantan,female,2002,163.1,155.3,7.7,214.4,43.20529801,4.721030043,40.2
Kelantan,male,2002,276.7,267.4,9.3,90.6,75.33351484,3.361040838,71.2
Melaka,both,2002,236.2,229.3,6.9,152.3,60.8,2.9,54.4
Melaka,female,2002,87.128,83.546,3.582,108.312,44.6,4.1,39.6
Melaka,male,2002,149.072,145.803,3.269,44.004,77.2,2.2,69.1
Negeri Sembilan,both,2002,337.2,324.8,12.4,187.5,64.3,3.7,57.3
Pahang,both,2002,419,406.9,12.1,257.8,61.9,2.9,49
Pahang,female,2002,128.2,123.7,4.5,189.6,40.3,3.5,31.9
Pahang,male,2002,290.8,283.2,7.6,68.1,81,2.6,64.2
Perak,both,2002,820.6,788.3,32.3,577.1,58.7,3.9,59.9
Perak,female,2002,284,271.5,12.5,420.8,40.3,4.4,41.4
Perak,male,2002,536.6,516.8,19.8,156.3,77.4,3.7,78.1
Perlis,both,2002,58.8,57,1.8,42.6,58,3.1,44.9
Perlis,female,2002,19.3,18.5,0.8,32.8,37,4,28.4
Perlis,male,2002,39.5,38.5,1,9.8,80.1,2.6,62.1
Penang,both,2002,657.2,643.1,14.2,303.1,68.4,2.2,69.3
Penang,female,2002,259.4,253.9,5.5,226,53.4,2.1,54.5
Penang,male,2002,397.874,389.185,8.689,77.067,83.8,2.2,84.2
Sabah,both,2002,1093.2,1028.8,64.4,556.9,66.3,5.9,62.2
Sabah,female,2002,362.1,338.8,23.3,432.9,45.5,6.4,42.7
Sabah,male,2002,731.1,690,41.1,124,85.5,5.6,80.2
Sarawak,both,2002,955.8,917.7,38.1,443.3,68.3,4,68.7
Sarawak,female,2002,374.3,356.1,18.2,346.2,52,4.9,54.6
Sarawak,male,2002,581.5,561.6,19.9,97.1,85.7,3.4,82.1
Selangor,both,2002,1803.2,1749.9,53.3,971.8,65,3,58.7
Selangor,female,2002,634.7,619,15.7,700.4,47.5,2.5,42.8
Selangor,male,2002,1168.5,1130.9,37.6,271.4,81.14583333,3.217800599,73.6
Terengganu,both,2002,288.9,279.6,9.2,187,60.7,3.2,52.2
Terengganu,female,2002,96.6,92,4.6,137.8,41.2,4.7,35.2
Terengganu,male,2002,192.2,187.6,4.6,49.2,79.6,2.4,68.5
Kuala Lumpur,both,2002,816.9,794.1,22.7,417.4,66.2,2.8,78.4
Kuala Lumpur,female,2002,313.1,303.5,9.6,282.5,52.6,3.1,61.1
Kuala Lumpur,male,2002,503.8,490.6,13.2,134.9,78.9,2.6,95.2
Labuan,both,2002,34,32.9,1.1,17.6,65.9,3.2,68.3
Labuan,female,2002,9.6,9.2,0.4,14.1,40.4,3.9,40.7
Labuan,male,2002,24.4,23.7,0.7,3.5,87.5,2.9,91.5
Johor,both,2003,1315.3,1269.1,46.2,631.2,67.6,3.5,66.5
Johor,female,2003,460.2,442.9,17.3,474.5,49.2,3.8,49
Johor,male,2003,855.1,826.2,28.9,156.7,84.5,3.4,82.3
Kedah,both,2003,680.1,657.7,22.4,408.1,62.5,3.3,61.4
Kedah,female,2003,243.3,235.2,8.1,301.7,44.6,3.3,43.5
Kedah,male,2003,436.9,422.5,14.3,106.4,80.4,3.3,79.7
Kelantan,both,2003,491.6,475.7,15.9,320.2,60.6,3.2,60.4
Kelantan,female,2003,189.2,182.8,6.3,226.4,45.52454283,3.4,45.9
Kelantan,male,2003,302.4,292.8,9.6,93.8,76.32508834,3.174603175,75.4
Melaka,both,2003,280.6,272.7,7.8,166.5,62.8,2.8,62.5
Melaka,female,2003,109.268,105.62,3.648,120.751,47.5,3.3,48.6
Melaka,male,2003,171.291,167.107,4.184,45.778,78.9,2.4,76.5
Negeri Sembilan,both,2003,352.3,340,12.3,184.9,65.6,3.5,58.4
Pahang,both,2003,477.1,460,17.2,280.3,63,3.6,54.1
Pahang,female,2003,147.2,141,6.3,214.7,40.7,4.2,35.5
Pahang,male,2003,329.9,319,10.9,65.5,83.4,3.3,70.5
Perak,both,2003,771.4,734.6,36.8,524.8,59.5,4.8,54.6
Perak,female,2003,263.5,250.5,13,388.4,40.4,5,37.5
Perak,male,2003,507.9,484.2,23.7,136.4,78.8,4.7,71.4
Perlis,both,2003,80.1,76.6,3.5,55.9,58.9,4.4,59.1
Perlis,female,2003,27.3,25.8,1.5,42.5,39.1,5.6,38.9
Perlis,male,2003,52.8,50.8,2,13.4,79.7,3.7,80.3
Penang,both,2003,686.3,674.4,12,342.3,66.7,1.7,71
Penang,female,2003,270.9,266.8,4,248.5,52.2,1.5,56.1
Penang,male,2003,415.44,407.528,7.912,93.803,81.6,1.9,86
Sabah,both,2003,1134.5,1073.1,61.4,571,66.5,5.4,62.5
Sabah,female,2003,383.3,363,20.3,439.6,46.6,5.3,44.1
Sabah,male,2003,751.2,710.1,41.2,131.4,85.1,5.5,79.5
Sarawak,both,2003,946.4,909.9,36.5,419.3,69.3,3.9,66.4
Sarawak,female,2003,349.5,335.1,14.5,321.3,52.1,4.1,50.4
Sarawak,male,2003,596.9,574.8,22,98,85.9,3.7,81.6
Selangor,both,2003,1895.3,1834.2,61,930.4,67.1,3.2,59.2
Selangor,female,2003,688.7,669.3,19.4,668.8,50.7,2.8,44.7
Selangor,male,2003,1206.6,1164.9,41.7,261.7,82.2,3.5,72.8
Terengganu,both,2003,355.1,344.9,10.2,225,61.2,2.9,62.7
Terengganu,female,2003,122.3,118.2,4.1,161.6,43.1,3.3,44
Terengganu,male,2003,232.8,226.7,6.1,63.4,78.6,2.6,80.5
Kuala Lumpur,both,2003,740.3,715.1,25.2,383.9,65.9,3.4,69
Kuala Lumpur,female,2003,286.8,275.7,11.1,274.1,51.1,3.9,54.2
Kuala Lumpur,male,2003,453.5,439.4,14.1,109.8,80.5,3.1,83.1
Labuan,both,2003,33.3,31.8,1.5,14.8,69.2,4.5,64.1
Labuan,female,2003,10.3,9.9,0.4,12.3,45.5,3.8,42.5
Labuan,male,2003,23.1,22,1.1,2.5,90.1,4.8,83.7
Johor,both,2004,1278.8,1232.6,46.2,650.3,66.3,3.6,62.9
Johor,female,2004,441.6,424.2,17.5,485.5,47.6,4,45.8
Johor,male,2004,837.1,808.4,28.7,164.8,83.5,3.4,78.1
Kedah,both,2004,680.3,654.5,25.8,415.3,62.1,3.8,59.7
Kedah,female,2004,253.8,242.3,11.5,304.2,45.5,4.5,43.9
Kedah,male,2004,426.6,412.3,14.3,111.1,79.3,3.4,75.7
Kelantan,both,2004,455.1,436.6,18.5,355.5,56.1,4.1,53.9
Kelantan,female,2004,165,159.2,5.9,244.7,40.27337076,3.575757576,38.9
Kelantan,male,2004,290.1,277.4,12.6,110.8,72.36218508,4.343329886,69.2
Melaka,both,2004,269.5,265.1,4.4,162.2,62.4,1.6,58.9
Melaka,female,2004,100.5,99,1.4,115.3,46.6,1.4,44.1
Melaka,male,2004,169,166.4,2.9,46.8,78.3,1.7,73.7
Negeri Sembilan,both,2004,373.6,360.3,13.2,218.6,63.1,3.5,60.4
Pahang,both,2004,544,526.2,17.8,349.3,60.9,3.3,60.6
Pahang,female,2004,164.8,157.4,7.4,257.6,39,4.5,38.8
Pahang,male,2004,379.1,368.8,10.4,91.8,80.5,2.7,79.7
Perak,both,2004,818.3,791,27.3,554,59.6,3.3,57.5
Perak,female,2004,288.2,276.2,12.1,396.5,42.1,4.2,40.6
Perak,male,2004,530.1,514.8,15.2,157.5,77.1,2.9,74
Perlis,both,2004,76.3,73.8,2.5,56.8,57.3,3.272251309,55.7
Perlis,female,2004,27.2,26.2,1,42.1,39.3,3.8,38.9
Perlis,male,2004,49.1,47.6,1.5,14.7,76.9,3,73.3
Penang,both,2004,636.7,625,11.7,326.8,66.1,1.8,64.3
Penang,female,2004,250.9,246.4,4.5,238,51.3,1.8,50.7
Penang,male,2004,385.8,378.6,7.2,88.8,81.3,1.9,78
Sabah,both,2004,1156.9,1081.7,75.2,605.9,65.6,6.5,60.7
Sabah,female,2004,381.4,353.9,27.5,469.2,44.8,7.2,41.5
Sabah,male,2004,775.5,727.8,47.7,136.7,85,6.2,78.3
Sarawak,both,2004,955.2,918.6,36.6,442.8,68.3,3.8,65.4
Sarawak,female,2004,353.2,339,14.3,333.3,51.5,4,49.9
Sarawak,male,2004,601.9,579.6,22.3,109.6,84.6,3.7,79.9
Selangor,both,2004,2028.1,1973.3,54.7,1017.3,66.6,2.7,61.3
Selangor,female,2004,758.5,739.1,19.5,731.6,50.8,2.6,47.6
Selangor,male,2004,1269.5,1234.3,35.3,285.8,81.6,2.8,74
Terengganu,both,2004,347.9,336.9,11.1,234.3,59.8,3.2,59.6
Terengganu,female,2004,121.1,116,5.1,161.8,42.81146209,4.22729336,42
Terengganu,male,2004,226.8,220.9,5.9,72.6,75.8,2.6,76.4
Kuala Lumpur,both,2004,691.6,671.7,19.9,325.1,68,2.9,63.2
Kuala Lumpur,female,2004,276.4,268.1,8.3,226,55,3,51.5
Kuala Lumpur,male,2004,415.2,403.6,11.6,99.1,80.7,2.8,74.5
Labuan,both,2004,34,32.3,1.7,16.2,67.7,5,63.3
Labuan,female,2004,11.1,10.5,0.6,12.4,47.2,5.2,43.6
Labuan,male,2004,22.9,21.7,1.1,3.8,85.7,4.9,81
Johor,both,2005,1280,1237.1,42.9,693.8,64.9,3.3,61.4
Johor,female,2005,436.2,422.8,13.5,513.1,46,3.1,44.6
Johor,male,2005,843.7,814.3,29.4,180.7,82.4,3.5,76.4
Kedah,both,2005,677.8,652.8,25.1,445.6,60.3,3.7,58.1
Kedah,female,2005,247.1,237.4,9.8,324.8,43.2,4,42.1
Kedah,male,2005,430.7,415.4,15.3,120.8,78.1,3.6,74.2
Kelantan,both,2005,454.2,438.8,15.4,384.3,54.2,3.4,52.7
Kelantan,female,2005,159.1,152.8,6.2,264.3,37.6,3.9,36.3
Kelantan,male,2005,295.2,286,9.2,120,71.1,3.1,69.3
Melaka,both,2005,274.5,271.1,3.4,168.2,62,1.2,58.2
Melaka,female,2005,103.9,102.5,1.5,117.4,47,1.4,44.2
Melaka,male,2005,170.6,168.6,2,50.8,77.1,1.1,72.1
Negeri Sembilan,both,2005,386.7,372.8,13.9,219.5,63.8,3.6,60.9
Pahang,both,2005,542.7,524.7,18,367.8,59.6,3.3,59.2
Pahang,female,2005,156.5,149,7.4,271,36.6,4.8,36
Pahang,male,2005,386.3,375.7,10.6,96.9,80,2.7,79.4
Perak,both,2005,828.8,801.2,27.6,573.9,59.1,3.3,57.1
Perak,female,2005,292.2,280.9,11.3,407.3,41.8,3.9,40.6
Perak,male,2005,536.6,520.3,16.3,166.5,76.3,3,73.1
Perlis,both,2005,76.2,74,2.2,59.6,56.1,2.9,54.7
Perlis,female,2005,27.4,26.7,0.7,43.4,38.7,2.6,38.7
Perlis,male,2005,48.8,47.3,1.5,16.1,75.1,3,71.3
Penang,both,2005,634.9,621.5,13.4,345.3,64.8,2.1,62.5
Penang,female,2005,244.6,238.6,6.1,253,49.2,2.5,48
Penang,male,2005,390.3,382.9,7.4,92.3,80.9,1.9,77
Sabah,both,2005,1181.9,1106.8,75.1,640.7,64.8,6.4,59.7
Sabah,female,2005,388.7,359,29.7,491.4,44.2,7.6,40.5
Sabah,male,2005,793.2,747.9,45.4,149.3,84.2,5.7,77.3
Sarawak,both,2005,950.3,910.9,39.4,480.2,66.4,4.1,63.2
Sarawak,female,2005,348.1,334.4,13.7,353.5,49.6,3.9,48.2
Sarawak,male,2005,602.2,576.5,25.7,126.7,82.6,4.3,77.2
Selangor,both,2005,2048.8,1985.9,62.9,1063.6,65.8,3.1,59.3
Selangor,female,2005,765.5,743.5,21.9,757.3,50.3,2.9,46.1
Selangor,male,2005,1283.3,1242.4,40.9,306.4,80.7,3.2,71.5
Terengganu,both,2005,353.1,342,11.1,250.4,58.5,3.1,59
Terengganu,female,2005,122.3,118.1,4.2,171.1,41.7,3.4,41.7
Terengganu,male,2005,230.8,223.9,6.9,79.3,74.4,3,75.4
Kuala Lumpur,both,2005,691.4,675.2,16.1,336.8,67.2,2.3,61.9
Kuala Lumpur,female,2005,273.5,267.6,5.9,234.9,53.8,2.2,50.1
Kuala Lumpur,male,2005,417.9,407.7,10.2,101.9,80.4,2.4,73.3
Labuan,both,2005,32.2,30.5,1.6,18.6,63.4,5.1,58.4
Labuan,female,2005,9.3,8.5,0.8,14.6,38.9,8.5,34.3
Labuan,male,2005,22.9,22,0.9,4,85.1,3.8,79.7
Johor,both,2006,1285.8,1258.1,27.6,726.7,63.9,2.1,60.9
Johor,female,2006,435.7,425.7,10,534,44.9,2.3,43.8
Johor,male,2006,850.1,832.4,17.7,192.8,81.5,2.1,76
Kedah,both,2006,682.4,656.8,25.6,467.2,59.4,3.8,57.1
Kedah,female,2006,241.4,232.4,9,343.9,41.2,3.7,40.4
Kedah,male,2006,441,424.4,16.6,123.3,78.1,3.8,73.8
Kelantan,both,2006,469.8,458.4,11.4,396.6,54.2,2.4,53.5
Kelantan,female,2006,171.2,166.5,4.7,266.2,39.1,2.7,38.6
Kelantan,male,2006,298.6,291.9,6.7,130.4,69.6,2.2,68.7
Melaka,both,2006,276.7,273.1,3.5,173.7,61.4,1.3,56.7
Melaka,female,2006,104.8,103.5,1.3,120.6,46.5,1.3,43.2
Melaka,male,2006,171.8,169.7,2.2,53.1,76.4,1.3,70.1
Negeri Sembilan,both,2006,394.5,378.7,15.7,224.6,63.7,4,60.3
Pahang,both,2006,571.3,557.4,13.9,363.3,61.1,2.4,61.6
Pahang,female,2006,167.2,162.5,4.7,271.3,38.1,2.8,38.6
Pahang,male,2006,404,394.9,9.2,92,81.5,2.3,81.6
Perak,both,2006,845.5,815.9,29.6,583.1,59.2,3.5,57
Perak,female,2006,293.2,281.3,11.8,419,41.2,4,40
Perak,male,2006,552.3,534.5,17.8,164.1,77.1,3.2,73.4
Perlis,both,2006,77,74.5,2.4,61.9,55.4,3.2,53.7
Perlis,female,2006,26.4,25.5,0.9,46.2,36.4,3.5,36.1
Perlis,male,2006,50.6,49,1.5,15.8,76.2,3,72
Penang,both,2006,658.9,647.7,11.2,339.4,66,1.7,63.6
Penang,female,2006,262.4,258.5,3.9,245.6,51.7,1.5,50.9
Penang,male,2006,396.5,389.2,7.3,93.8,80.9,1.8,76.4
Sabah,both,2006,1230.4,1160.2,70.3,651.7,65.4,5.7,60.1
Sabah,female,2006,412.7,389.5,23.3,496.3,45.4,5.6,42.3
Sabah,male,2006,817.7,770.7,47,155.5,84,5.8,76.4
Sarawak,both,2006,958,918.3,39.7,502.2,65.6,4.1,62.2
Sarawak,female,2006,337.8,322.6,15.2,378.1,47.2,4.5,45.5
Sarawak,male,2006,620.2,595.7,24.5,124.2,83.3,3.9,77.6
Selangor,both,2006,2084.4,2017.7,66.8,1091.6,65.6,3.2,58
Selangor,female,2006,782.5,759.3,23.2,772.5,50.3,3,45.4
Selangor,male,2006,1302,1258.4,43.6,319.1,80.3,3.3,69.6
Terengganu,both,2006,364.6,351.5,13.1,261.7,58.2,3.6,59.1
Terengganu,female,2006,124.4,119.3,5.2,179.4,41,4.2,41.1
Terengganu,male,2006,240.2,232.3,7.9,82.3,74.5,3.3,76.2
Kuala Lumpur,both,2006,696.1,676.6,19.5,342.6,67,2.8,60.5
Kuala Lumpur,female,2006,273.7,265.9,7.8,241.3,53.2,2.8,48.5
Kuala Lumpur,male,2006,422.4,410.7,11.7,101.3,80.7,2.8,71.9
Labuan,both,2006,33.7,30.5,3.2,18.6,64.4,9.4,56.6
Labuan,female,2006,9.8,8.9,0.9,15,39.5,9.6,34.6
Labuan,male,2006,23.9,21.7,2.2,3.6,86.9,9.3,77.2
Johor,both,2007,1313.6,1286.7,26.9,745.7,63.8,2,60.7
Johor,female,2007,450.1,439.5,10.6,544.4,45.3,2.4,44.2
Johor,male,2007,863.5,847.2,16.3,201.3,81.1,1.9,75.3
Kedah,both,2007,693.1,670.4,22.7,481.6,59,3.3,57
Kedah,female,2007,249.5,240,9.5,346.8,41.8,3.8,40.9
Kedah,male,2007,443.6,430.4,13.2,134.8,76.7,3,72.9
Kelantan,both,2007,486.2,473.1,13.2,410.3,54.2,2.7,53.6
Kelantan,female,2007,174.5,168.5,6.1,277.7,38.6,3.5,38
Kelantan,male,2007,311.7,304.6,7.1,132.6,70.2,2.3,69.4
Melaka,both,2007,290.4,284.3,6.1,169.7,63.1,2.1,56.9
Melaka,female,2007,114.6,111.4,3.1,115.2,49.9,2.7,44.8
Melaka,male,2007,175.8,172.8,3,54.6,76.3,1.7,68.8
Negeri Sembilan,both,2007,395.8,381.6,14.2,235.7,62.7,3.6,59.2
Pahang,both,2007,580.2,561.9,18.3,376.9,60.6,3.2,60.8
Pahang,female,2007,176.1,169.4,6.7,273.1,39.2,3.8,39.4
Pahang,male,2007,404,392.4,11.6,103.7,79.6,2.9,79.4
Perak,both,2007,877.9,852.2,25.7,579,60.3,2.9,58.3
Perak,female,2007,315.3,304,11.3,410.9,43.4,3.6,42.4
Perak,male,2007,562.6,548.2,14.4,168.2,77,2.6,73.6
Perlis,both,2007,82.5,80,2.5,59.4,58.1,3,55.9
Perlis,female,2007,30.5,29.3,1.2,43.4,41.3,4,40.2
Perlis,male,2007,52,50.7,1.2,16,76.5,2.4,72.4
Penang,both,2007,667.6,653.5,14,348.6,65.7,2.1,62.7
Penang,female,2007,268.5,262.7,5.8,248.7,51.9,2.2,50.6
Penang,male,2007,399.1,390.8,8.2,99.9,80,2.1,74.8
Sabah,both,2007,1267.7,1198.6,69.2,674.2,65.3,5.5,59.7
Sabah,female,2007,424,399.2,24.8,515.6,45.1,5.9,41.7
Sabah,male,2007,843.7,799.3,44.3,158.7,84.2,5.3,76
Sarawak,both,2007,997.4,954.1,43.4,494.3,66.9,4.3,63
Sarawak,female,2007,368.1,352.5,15.6,362.5,50.4,4.2,48.6
Sarawak,male,2007,629.3,601.6,27.7,131.8,82.7,4.4,76.2
Selangor,both,2007,2128,2064.2,63.8,1116,65.6,3,57.2
Selangor,female,2007,807.1,784.8,22.2,783.6,50.7,2.8,45.3
Selangor,male,2007,1320.9,1279.4,41.5,332.4,79.9,3.1,68.2
Terengganu,both,2007,372.7,363,9.7,274.1,57.6,2.6,59.5
Terengganu,female,2007,125.6,121.8,3.8,187.5,40.1,3,40.9
Terengganu,male,2007,247.1,241.2,5.9,86.7,74,2.4,77.2
Kuala Lumpur,both,2007,702.4,682.1,20.3,344.8,67.1,2.9,59.4
Kuala Lumpur,female,2007,272.7,265,7.7,245.9,52.6,2.8,47.2
Kuala Lumpur,male,2007,429.7,417.1,12.5,98.9,81.3,2.9,71.2
Labuan,both,2007,34.1,32.6,1.5,19.6,63.5,4.5,59
Labuan,female,2007,10.6,9.8,0.8,14.9,41.5,8,37
Labuan,male,2007,23.5,22.8,0.7,4.6,83.5,3,78.6
Johor,both,2008,1313.1,1283.8,29.3,790.3,62.4,2.2,59.1
Johor,female,2008,434.1,424.4,9.7,582.2,42.7,2.2,41.8
Johor,male,2008,878.9,859.4,19.6,208.1,80.9,2.2,74.4
Kedah,both,2008,703,676,27,497.5,58.6,3.8,56.1
Kedah,female,2008,254.2,243,11.2,355.1,41.7,4.4,40.6
Kedah,male,2008,448.8,433,15.7,142.4,75.9,3.5,71.4
Kelantan,both,2008,500.9,486.4,14.5,418.5,54.5,2.9,53.5
Kelantan,female,2008,182,175.8,6.2,280.9,39.3,3.4,38.5
Kelantan,male,2008,318.9,310.6,8.3,137.7,69.8,2.6,68.5
Melaka,both,2008,290,286.8,3.2,179.3,61.8,1.1,55.4
Melaka,female,2008,110.5,108.8,1.7,123.6,47.2,1.5,42.2
Melaka,male,2008,179.5,178,1.5,55.7,76.3,0.8,68.4
Negeri Sembilan,both,2008,399.3,387.1,12.2,244.4,62,3.1,58.6
Pahang,both,2008,605.7,589.8,15.8,374.3,61.8,2.6,62.6
Pahang,female,2008,190.2,182.8,7.5,270.3,41.3,3.9,41.8
Pahang,male,2008,415.4,407.1,8.4,104,80,2,80.7
Perak,both,2008,892.6,858.9,33.6,589,60.2,3.8,57.6
Perak,female,2008,320.3,305.2,15.1,418.1,43.4,4.7,41.7
Perak,male,2008,572.3,553.7,18.6,170.8,77,3.3,72.8
Perlis,both,2008,84,81.5,2.5,60.8,58,2.9,55.3
Perlis,female,2008,31.7,30.7,1,43.7,42,3,40.7
Perlis,male,2008,52.3,50.8,1.5,17.1,75.4,2.9,70.5
Penang,both,2008,688.4,674.9,13.4,343.2,66.7,2,63.3
Penang,female,2008,280.7,276.1,4.6,245.3,53.4,1.6,52
Penang,male,2008,407.7,398.8,8.9,98,80.6,2.2,74.5
Sabah,both,2008,1294.2,1230.5,63.8,711.3,64.5,4.9,58.9
Sabah,female,2008,433,408.3,24.7,536.8,44.6,5.7,41.1
Sabah,male,2008,861.2,822.2,39,174.5,83.2,4.5,75
Sarawak,both,2008,973,921.7,51.3,550.8,63.9,5.3,59.3
Sarawak,female,2008,339.4,321.6,17.7,405.8,45.5,5.2,43.4
Sarawak,male,2008,633.6,600,33.6,145,81.4,5.3,73.9
Selangor,both,2008,2159.8,2092,67.8,1160.9,65,3.1,56
Selangor,female,2008,823,794.9,28.1,804.3,50.6,3.4,44.4
Selangor,male,2008,1336.8,1297.1,39.7,356.6,78.9,3,66.7
Terengganu,both,2008,388.8,375.5,13.2,280.3,58.1,3.4,60
Terengganu,female,2008,132.2,126.3,5.9,191.9,40.8,4.5,41.4
Terengganu,male,2008,256.6,249.3,7.3,88.4,74.4,2.9,77.9
Kuala Lumpur,both,2008,701,682.2,18.8,354,66.4,2.7,58
Kuala Lumpur,female,2008,274.6,268.2,6.4,248.5,52.5,2.3,46.6
Kuala Lumpur,male,2008,426.4,414,12.4,105.4,80.2,2.9,68.9
Labuan,both,2008,34.5,32.5,1.9,21.1,62,5.6,57.3
Labuan,female,2008,10.2,9.5,0.7,16.3,38.6,7.1,34.5
Labuan,male,2008,24.2,23,1.2,4.9,83.3,4.9,78.2
Johor,both,2009,1350,1306.3,43.7,791.8,63,3.2,58.8
Johor,female,2009,467,450.6,16.4,569.8,45,3.5,43.4
Johor,male,2009,883,855.7,27.3,222.1,79.9,3.1,72.2
Kedah,both,2009,732.6,701.5,31.1,496,59.6,4.2,56.9
Kedah,female,2009,264.6,251.5,13.1,357.8,42.5,4.9,41.2
Kedah,male,2009,468,450,18,138.3,77.2,3.8,72.4
Kelantan,both,2009,517.8,505.2,12.6,432.7,54.5,2.4,54
Kelantan,female,2009,188.3,182.9,5.4,290,39.4,2.9,39
Kelantan,male,2009,329.5,322.3,7.2,142.7,69.8,2.2,69
Melaka,both,2009,290.9,284,6.9,186.3,61,2.4,52.9
Melaka,female,2009,109.9,107.6,2.3,128,46.2,2.1,40.2
Melaka,male,2009,180.9,176.3,4.6,58.3,75.6,2.5,65.4
Negeri Sembilan,both,2009,402.2,386.5,15.7,254,61.3,3.9,57.1
Pahang,both,2009,622.3,603.7,18.6,377.8,62.2,3,62.9
Pahang,female,2009,197.6,190.2,7.4,272.9,42,3.8,42.7
Pahang,male,2009,424.7,413.5,11.2,105,80.2,2.6,80.3
Perak,both,2009,923.7,891.6,32.2,583.4,61.3,3.5,58.6
Perak,female,2009,338.8,323.5,15.3,410.9,45.2,4.5,43.4
Perak,male,2009,584.9,568,16.9,172.5,77.2,2.9,73.2
Perlis,both,2009,84.3,81.5,2.8,63,57.2,3.3,53.5
Perlis,female,2009,30.4,29.2,1.1,46.3,39.6,3.8,37.5
Perlis,male,2009,53.9,52.3,1.7,16.7,76.3,3.1,70.2
Penang,both,2009,707.1,689.8,17.3,344.3,67.3,2.5,63.3
Penang,female,2009,295.7,289.3,6.4,241.1,55.1,2.2,53.3
Penang,male,2009,411.5,400.5,11,103.2,79.9,2.7,73.1
Sabah,both,2009,1345.3,1270.6,74.6,721.8,65.1,5.5,58.5
Sabah,female,2009,454.3,430.3,24,546.2,45.4,5.3,41.7
Sabah,male,2009,890.9,840.3,50.6,175.6,83.5,5.7,73.7
Sarawak,both,2009,1024.2,977.5,46.8,529.9,65.9,4.6,61.4
Sarawak,female,2009,372.4,354.6,17.8,387.6,49,4.8,46.8
Sarawak,male,2009,651.9,622.9,29,142.3,82.1,4.5,74.7
Selangor,both,2009,2173.3,2095.3,78,1213.7,64.2,3.6,54.3
Selangor,female,2009,818.9,792.1,26.8,842.8,49.3,3.3,42.9
Selangor,male,2009,1354.4,1303.2,51.2,370.9,78.5,3.8,64.8
Terengganu,both,2009,405.6,390.3,15.3,284.7,58.8,3.8,61
Terengganu,female,2009,138.1,131.7,6.4,195.9,41.4,4.7,42.2
Terengganu,male,2009,267.5,258.6,8.9,88.8,75.1,3.3,78.9
Kuala Lumpur,both,2009,698.3,678.1,20.2,366.6,65.6,2.9,56.3
Kuala Lumpur,female,2009,268.6,261.4,7.2,259.2,50.9,2.7,44.4
Kuala Lumpur,male,2009,429.7,416.7,13,107.4,80,3,67.7
Labuan,both,2009,37.6,35.5,2.1,19.6,65.8,5.6,60.9
Labuan,female,2009,12.1,11.4,0.7,15.1,44.5,5.7,40.4
Labuan,male,2009,25.5,24.1,1.4,4.4,85.2,5.5,79.8
Johor,both,2010,1453.5,1418.8,34.7,819,64,2.4,62.4
Johor,female,2010,457.2,447.1,10.2,601.3,43.2,2.2,42.2
Johor,male,2010,996.3,971.7,24.6,217.6,82.1,2.5,80.1
Kedah,both,2010,746.9,725.7,21.2,508.9,59.5,2.8,57.7
Kedah,female,2010,256.3,248.2,8.1,364.6,41.3,3.2,39.9
Kedah,male,2010,490.6,477.5,13.1,144.3,77.3,2.7,75
Kelantan,both,2010,547.2,534.2,13.1,412.1,57,2.4,55.6
Kelantan,female,2010,200,195.1,4.9,279.3,41.7,2.5,40.6
Kelantan,male,2010,347.2,339.1,8.1,132.8,72.3,2.3,70.6
Melaka,both,2010,338.6,335.1,3.5,216.1,61,1,60.4
Melaka,female,2010,127.6,126,1.6,148.8,46.2,1.3,45.6
Melaka,male,2010,211,209.1,1.9,67.4,75.8,0.9,75.1
Negeri Sembilan,both,2010,418.3,405.4,12.9,274.9,60.3,3.1,58.5
Pahang,both,2010,608.4,591,17.5,368.6,62.3,2.9,60.5
Pahang,female,2010,194.4,185.6,8.8,257.9,43,4.5,41.1
Pahang,male,2010,414.1,405.4,8.7,110.8,78.9,2.1,77.3
Perak,both,2010,906,878.7,27.3,642.3,58.5,3,56.7
Perak,female,2010,304.3,293.3,11.1,453.1,40.2,3.6,38.6
Perak,male,2010,601.7,585.4,16.2,189.1,76.1,2.7,73.9
Perlis,both,2010,83.6,80.9,2.8,72.6,53.5,3.3,51.6
Perlis,female,2010,27.9,27.1,0.8,52.2,34.8,2.9,33.7
Perlis,male,2010,55.7,53.8,1.9,20.4,73.2,3.5,70.5
Penang,both,2010,759,742.3,16.7,352.3,68.3,2.2,66.7
Penang,female,2010,310.2,302.9,7.3,242,56.2,2.4,54.7
Penang,male,2010,448.8,439.4,9.3,110.3,80.3,2.1,78.5
Sabah,both,2010,1480.7,1398.6,82.1,765.5,65.9,5.5,62.3
Sabah,female,2010,477.7,454.2,23.5,587.1,44.9,4.9,42.6
Sabah,male,2010,1003,944.4,58.6,178.3,84.9,5.8,80
Sarawak,both,2010,1093.7,1045.6,48.1,534.8,67.2,4.4,64.1
Sarawak,female,2010,386.5,367.1,19.4,386.5,50,5,47.4
Sarawak,male,2010,707.2,678.5,28.7,148.3,82.7,4.1,79.3
Selangor,both,2010,2634.4,2551.1,83.2,1349.7,66.1,3.2,64.8
Selangor,female,2010,994.2,954.1,40.2,910.1,52.2,4,50.8
Selangor,male,2010,1640.2,1597.1,43.1,439.6,78.9,2.6,77.6
Terengganu,both,2010,380.6,366.6,14.1,272.1,58.3,3.7,56.1
Terengganu,female,2010,129.3,124.2,5,188.8,40.6,3.9,38.9
Terengganu,male,2010,251.3,242.3,9,83.3,75.1,3.6,72.3
Kuala Lumpur,both,2010,812.9,788,24.9,414.3,66.2,3.1,64.1
Kuala Lumpur,female,2010,325.3,315.6,9.7,274.2,54.3,3,52.5
Kuala Lumpur,male,2010,487.6,472.5,15.1,140.1,77.7,3.1,75.2
Labuan,both,2010,40,37.6,2.4,19.7,67,6,63
Labuan,female,2010,13.8,13.1,0.7,15.1,47.7,4.7,45.3
Labuan,male,2010,26.2,24.5,1.7,4.6,85.1,6.7,79
Johor,both,2011,1499.9,1461.9,38,816.3,64.8,2.5,63.1
Johor,female,2011,486.4,474,12.4,593.9,45,2.6,43.9
Johor,male,2011,1013.5,987.9,25.5,222.5,82,2.5,79.9
Kedah,both,2011,770,743.4,26.6,512,60.1,3.5,57.9
Kedah,female,2011,267.4,257.5,9.9,365.3,42.3,3.7,40.6
Kedah,male,2011,502.5,485.8,16.7,146.8,77.4,3.3,74.7
Kelantan,both,2011,555.4,544.6,10.8,431.7,56.3,2,55
Kelantan,female,2011,205.4,201.8,3.5,288.5,41.6,1.7,40.8
Kelantan,male,2011,350.1,342.8,7.3,143.2,71,2.1,69.2
Melaka,both,2011,343.3,340.8,2.5,222.8,60.6,0.7,60.2
Melaka,female,2011,133.4,132.1,1.3,148.8,47.3,1,46.8
Melaka,male,2011,209.9,208.7,1.1,74,73.9,0.5,73.5
Negeri Sembilan,both,2011,429.1,416.1,13,280.9,60.4,3,58.6
Pahang,both,2011,624.6,608.4,16.2,377.7,62.3,2.6,60.7
Pahang,female,2011,194.1,187,7.1,269.1,41.9,3.6,40.4
Pahang,male,2011,430.6,421.4,9.2,108.6,79.9,2.1,78.2
Perak,both,2011,944.6,919.7,24.9,631.2,59.9,2.6,58.3
Perak,female,2011,329.9,317.2,12.8,440.8,42.8,3.9,41
Perak,male,2011,614.7,602.6,12.1,190.4,76.4,2,74.8
Perlis,both,2011,86.8,83.3,3.4,71.7,54.8,4,52.5
Perlis,female,2011,29,27.7,1.3,51.8,35.9,4.4,34.2
Perlis,male,2011,57.8,55.6,2.2,19.8,74.4,3.7,71.5
Penang,both,2011,787.5,772.8,14.7,348.8,69.3,1.9,67.9
Penang,female,2011,325.8,318.7,7.1,240.4,57.5,2.2,56.3
Penang,male,2011,461.7,454.1,7.6,108.3,81,1.7,79.5
Sabah,both,2011,1562.5,1474.4,88.1,764.9,67.1,5.6,63.3
Sabah,female,2011,509.7,479.9,29.7,592.4,46.2,5.8,43.5
Sabah,male,2011,1052.8,994.5,58.4,172.5,85.9,5.5,81.1
Sarawak,both,2011,1103.4,1058.1,45.3,566.1,66.1,4.1,63.4
Sarawak,female,2011,384.3,367.3,17,409.2,48.4,4.4,46.3
Sarawak,male,2011,719,690.8,28.3,156.9,82.1,3.9,78.8
Selangor,both,2011,2710.8,2645.2,65.5,1295,67.7,2.4,66
Selangor,female,2011,1031.5,1002.8,28.7,880.1,54,2.8,52.5
Selangor,male,2011,1679.2,1642.4,36.8,414.9,80.2,2.2,78.4
Terengganu,both,2011,403.2,390.3,12.9,269.3,60,3.2,57.9
Terengganu,female,2011,141.5,136.8,4.7,185.6,43.3,3.3,41.6
Terengganu,male,2011,261.7,253.4,8.2,83.7,75.8,3.1,73.3
Kuala Lumpur,both,2011,837.6,812.5,25.1,405.4,67.4,3,65.3
Kuala Lumpur,female,2011,342.2,331.9,10.3,265.8,56.3,3,54.5
Kuala Lumpur,male,2011,495.4,480.6,14.7,139.7,78,3,75.6
Labuan,both,2011,40.3,38.6,1.7,20.5,66.3,4.2,63.5
Labuan,female,2011,14.1,13.4,0.6,15.5,47.6,4.4,45.3
Labuan,male,2011,26.3,25.2,1.1,5,84.1,4.1,81
Putrajaya,both,2011,41.9,41.4,0.5,9.2,82,1.1,80.7
Putrajaya,female,2011,21.9,21.8,0.2,6,78.6,0.9,77.6
Putrajaya,male,2011,19.9,19.7,0.3,3.2,86.1,1.3,84.5
Johor,both,2012,1529.4,1481.5,47.9,821.9,65,3.1,63
Johor,female,2012,494.2,479.2,15,601,45.1,3,43.7
Johor,male,2012,1035.2,1002.3,32.9,220.9,82.4,3.2,79.8
Kedah,both,2012,810.3,786.9,23.4,502,61.7,2.9,59.9
Kedah,female,2012,289.2,279.3,9.9,357.5,44.7,3.4,43.1
Kedah,male,2012,521.1,507.6,13.5,144.4,78.3,2.6,76.2
Kelantan,both,2012,592.3,578.7,13.6,424.8,58.2,2.3,56.7
Kelantan,female,2012,225.1,219.3,5.8,283,44.3,2.6,43
Kelantan,male,2012,367.2,359.4,7.7,141.9,72.1,2.1,70.4
Melaka,both,2012,358.8,357,1.8,218.6,62.1,0.5,61.8
Melaka,female,2012,139.4,138.2,1.2,146.5,48.8,0.9,48.3
Melaka,male,2012,219.4,218.8,0.6,72,75.3,0.3,75.1
Negeri Sembilan,both,2012,455.7,442.1,13.6,264.5,63.3,3,61.4
Pahang,both,2012,650.9,633.1,17.8,371.5,63.7,2.7,61.9
Pahang,female,2012,206.7,197.8,8.9,264.8,43.8,4.3,42
Pahang,male,2012,444.2,435.2,9,106.7,80.6,2,79
Perak,both,2012,955.4,927.1,28.3,647.1,59.6,3,57.8
Perak,female,2012,334.3,321.9,12.4,450.9,42.6,3.7,41
Perak,male,2012,621.1,605.2,15.8,196.2,76,2.6,74
Perlis,both,2012,90.6,87.1,3.5,69.4,56.6,3.9,54.4
Perlis,female,2012,31.9,30.8,1.1,49.2,39.3,3.4,38
Perlis,male,2012,58.8,56.4,2.4,20.2,74.4,4.1,71.1
Penang,both,2012,795.8,779.8,16,358.8,68.9,2,67.4
Penang,female,2012,326.3,318.8,7.5,249.3,56.7,2.3,55.3
Penang,male,2012,469.5,461,8.5,109.5,81.1,1.8,79.5
Sabah,both,2012,1627.9,1537.4,90.5,780.4,67.6,5.6,63.8
Sabah,female,2012,543.6,513.1,30.4,597.2,47.7,5.6,45
Sabah,male,2012,1084.4,1024.3,60.1,183.2,85.5,5.5,80.8
Sarawak,both,2012,1184.9,1143.9,41,523,69.4,3.5,67
Sarawak,female,2012,434.3,419.3,15,377.3,53.5,3.5,51.7
Sarawak,male,2012,750.6,724.6,26,145.7,83.7,3.5,80.9
Selangor,both,2012,2842.6,2776.1,66.6,1226.1,69.9,2.3,68.2
Selangor,female,2012,1100.1,1075.1,25.1,841.4,56.7,2.3,55.3
Selangor,male,2012,1742.5,1701,41.5,384.7,81.9,2.4,79.9
Terengganu,both,2012,401.8,389.6,12.2,284.9,58.5,3,56.7
Terengganu,female,2012,138.6,134.2,4.4,196.6,41.3,3.1,40
Terengganu,male,2012,263.2,255.4,7.9,88.3,74.9,3,72.5
Kuala Lumpur,both,2012,842.9,820.4,22.5,404.2,67.6,2.7,65.6
Kuala Lumpur,female,2012,337.7,328.8,8.9,274.4,55.2,2.6,53.5
Kuala Lumpur,male,2012,505.1,491.5,13.6,129.8,79.6,2.7,77.2
Labuan,both,2012,41.3,39.4,1.9,20.5,66.8,4.6,63.8
Labuan,female,2012,14.3,13.8,0.5,16.1,47.1,3.8,45.1
Labuan,male,2012,27,25.7,1.3,4.4,86,5,81.8
Putrajaya,both,2012,40.9,40.3,0.6,9.7,80.8,1.5,79.3
Putrajaya,female,2012,21.6,21.3,0.3,6.1,78,1.4,76.6
Putrajaya,male,2012,19.3,19,0.3,3.6,84.3,1.5,82.3
Johor,both,2013,1598.9,1553.4,45.4,771.3,67.5,2.8,65.5
Johor,female,2013,562.1,543.3,18.8,546.5,50.7,3.3,49
Johor,male,2013,1036.7,1010.1,26.7,224.8,82.2,2.6,80
Kedah,both,2013,862.8,842.3,20.5,489.9,63.8,2.4,62.2
Kedah,female,2013,323.6,313.1,10.5,340.3,48.7,3.3,47.1
Kedah,male,2013,539.2,529.3,9.9,149.6,78.3,1.8,76.8
Kelantan,both,2013,619.8,602.7,17.1,424.8,59.3,2.8,57.6
Kelantan,female,2013,240.6,232.9,7.7,281.6,46.1,3.2,44.6
Kelantan,male,2013,379.2,369.8,9.4,143.3,72.6,2.5,70.6
Melaka,both,2013,378.3,375.5,2.7,208.3,64.5,0.7,63.9
Melaka,female,2013,153.5,151.8,1.7,136.6,52.9,1.1,52.2
Melaka,male,2013,224.7,223.7,1,71.7,75.8,0.5,75.4
Negeri Sembilan,both,2013,478.9,464.1,14.7,255.1,65.2,3.1,63.2
Pahang,both,2013,678.9,659.8,19.1,361.8,65.2,2.8,63.3
Pahang,female,2013,225.2,216.5,8.8,252.5,47.1,3.9,45.2
Pahang,male,2013,453.6,443.3,10.4,109.3,80.6,2.3,78.6
Perak,both,2013,985.2,947.8,37.3,642.6,60.5,3.8,58.1
Perak,female,2013,341.3,326,15.2,453,43,4.5,40.9
Perak,male,2013,643.9,621.8,22.1,189.6,77.3,3.4,74.6
Perlis,both,2013,97.9,94.3,3.6,64.1,60.4,3.7,58.1
Perlis,female,2013,35.9,34.6,1.3,45.7,44,3.7,42.4
Perlis,male,2013,62.1,59.8,2.3,18.4,77.2,3.7,74.1
Penang,both,2013,826.1,811.9,14.2,363.7,69.4,1.7,68.1
Penang,female,2013,340.2,333.5,6.7,251.7,57.5,2,56.3
Penang,male,2013,485.9,478.4,7.5,112,81.3,1.5,79.9
Sabah,both,2013,1801.7,1706,95.7,767.4,70.1,5.3,66.4
Sabah,female,2013,629.6,593.8,35.9,583.2,51.9,5.7,48.9
Sabah,male,2013,1172.1,1112.2,59.8,184.2,86.4,5.1,82.1
Sarawak,both,2013,1234.2,1188.5,45.7,542.5,69.5,3.7,66.9
Sarawak,female,2013,448,429.1,18.9,389.6,53.5,4.2,51.2
Sarawak,male,2013,786.2,759.4,26.8,152.8,83.7,3.4,80.8
Selangor,both,2013,3006.2,2933.3,72.9,1226.3,71,2.4,69.3
Selangor,female,2013,1192.4,1163.7,28.7,822.5,59.2,2.4,57.8
Selangor,male,2013,1813.8,1769.7,44.2,403.9,81.8,2.4,79.8
Terengganu,both,2013,421.3,407,14.4,280.4,60,3.4,57.9
Terengganu,female,2013,150.9,146,4.9,193,43.9,3.3,42.4
Terengganu,male,2013,270.4,261,9.4,87.4,75.6,3.5,72.7
Kuala Lumpur,both,2013,907.3,877.8,29.5,353.2,72,3.3,69.4
Kuala Lumpur,female,2013,382,367.9,14.1,236.1,61.8,3.7,59.3
Kuala Lumpur,male,2013,525.3,509.9,15.4,117.1,81.8,2.9,79.1
Labuan,both,2013,41.8,40.1,1.7,20.6,67,4.1,64.2
Labuan,female,2013,14.8,14.2,0.5,16.1,47.9,3.5,46.3
Labuan,male,2013,27.1,25.9,1.2,4.5,85.7,4.4,81.4
Putrajaya,both,2013,41.2,40.7,0.5,9.2,81.7,1.2,79.6
Putrajaya,female,2013,22.2,21.9,0.3,5.8,79.3,1.2,77.7
Putrajaya,male,2013,19,18.8,0.2,3.4,84.7,1.2,82.1
Johor,both,2014,1621.1,1579.7,41.4,778.8,67.5,2.6,64.5
Johor,female,2014,569.7,554.8,14.9,554.7,50.7,2.6,48.8
Johor,male,2014,1051.4,1024.9,26.5,224.1,82.4,2.5,78.1
Kedah,both,2014,884.1,859.8,24.3,493.5,64.2,2.7,62.4
Kedah,female,2014,343.2,331.6,11.5,333.2,50.7,3.4,49
Kedah,male,2014,540.9,528.2,12.7,160.2,77.1,2.4,75.3
Kelantan,both,2014,646.2,625.2,21,425.2,60.3,3.3,58
Kelantan,female,2014,261,251.5,9.6,273.4,48.8,3.7,46.8
Kelantan,male,2014,385.2,373.8,11.5,151.8,71.7,3,69.1
Melaka,both,2014,398.3,394.9,3.4,197.2,66.9,0.9,65.9
Melaka,female,2014,163.2,161.5,1.6,131.8,55.3,1,54.5
Melaka,male,2014,235.2,233.4,1.8,65.4,78.2,0.8,77.1
Negeri Sembilan,both,2014,480.9,466.5,14.4,259.4,65,3,62.9
Pahang,both,2014,702.1,683.2,18.9,353.6,66.5,2.7,64.3
Pahang,female,2014,244.6,234.2,10.3,241,50.4,4.2,48
Pahang,male,2014,457.5,449,8.6,112.5,80.3,1.9,78.1
Perak,both,2014,987.2,954.1,33.1,653.3,60.2,3.4,58
Perak,female,2014,354.7,341.4,13.3,449.2,44.1,3.8,42.4
Perak,male,2014,632.6,612.8,19.8,204.1,75.6,3.1,72.9
Perlis,both,2014,98.5,95.2,3.3,65.6,60,3.3,57.9
Perlis,female,2014,35.9,34.5,1.3,46.3,43.7,3.7,41.7
Perlis,male,2014,62.6,60.7,1.9,19.3,76.5,3.1,74.5
Penang,both,2014,852.5,839.2,13.3,348.3,71,1.6,69.8
Penang,female,2014,366.6,359.7,6.9,231.1,61.3,1.9,60.3
Penang,male,2014,485.9,479.5,6.4,117.3,80.6,1.3,79.1
Sabah,both,2014,1831.6,1740.9,90.6,795.1,69.7,4.9,66.3
Sabah,female,2014,652.1,615.2,36.9,591.4,52.4,5.7,49.7
Sabah,male,2014,1179.4,1125.7,53.7,203.7,85.3,4.6,81.2
Sarawak,both,2014,1271.4,1232.2,39.2,537.9,70.3,3.1,68.5
Sarawak,female,2014,469.8,452.8,17.1,383.5,55.1,3.6,53.2
Sarawak,male,2014,801.6,779.5,22.1,154.4,83.8,2.8,82.2
Selangor,both,2014,3096,3033.6,62.4,1221.1,71.7,2,69.9
Selangor,female,2014,1244.9,1217.2,27.7,813.6,60.5,2.2,58.8
Selangor,male,2014,1851.2,1816.4,34.8,407.5,82,1.9,79.9
Terengganu,both,2014,432.8,414.9,17.9,283,60.5,4.1,57.2
Terengganu,female,2014,155.2,149.1,6,196.4,44.1,3.9,42.1
Terengganu,male,2014,277.6,265.7,11.9,86.6,76.2,4.3,71.5
Kuala Lumpur,both,2014,877,852,25,379.3,69.8,2.9,67.1
Kuala Lumpur,female,2014,363.9,352.8,11.1,253,59,3,56.4
Kuala Lumpur,male,2014,513.2,499.2,13.9,126.3,80.2,2.7,77.5
Labuan,both,2014,43,40.8,2.2,20.2,68,5.1,63.4
Labuan,female,2014,15.3,14.6,0.7,16,48.9,4.5,45.5
Labuan,male,2014,27.7,26.2,1.5,4.3,86.6,5.4,81.1
Putrajaya,both,2014,40.8,40.3,0.5,9.5,81.2,1.2,79.6
Putrajaya,female,2014,22.4,22.2,0.2,5.5,80.3,1,79
Putrajaya,male,2014,18.4,18.1,0.2,4,82.3,1.3,80.8
Johor,both,2015,1633.2,1582.6,50.6,799.9,67.1,3.1,63.5
Johor,female,2015,581.5,559.3,22.2,561.1,50.9,3.8,48.3
Johor,male,2015,1051.6,1023.3,28.3,238.8,81.5,2.7,76.7
Kedah,both,2015,905.3,881.6,23.7,496.5,64.6,2.6,62.6
Kedah,female,2015,356.7,346.5,10.2,330.9,51.9,2.9,50.1
Kedah,male,2015,548.6,535.1,13.5,165.6,76.8,2.5,74.7
Kelantan,both,2015,676.2,652.1,24.1,415.3,61.9,3.6,59
Kelantan,female,2015,269.2,258.1,11.1,274.9,49.5,4.1,47
Kelantan,male,2015,407,394,13,140.4,74.4,3.2,70.9
Melaka,both,2015,402.4,398.3,4.1,201.6,66.6,1,64.9
Melaka,female,2015,166.5,164.5,2,132.6,55.7,1.2,54.2
Melaka,male,2015,235.8,233.8,2,69,77.4,0.9,75.4
Negeri Sembilan,both,2015,483.6,468.7,14.9,262,64.9,3.1,62.5
Pahang,both,2015,718.2,697.5,20.6,349.4,67.3,2.9,64.8
Pahang,female,2015,253.4,243.7,9.7,237.8,51.6,3.8,49.3
Pahang,male,2015,464.7,453.8,10.9,111.6,80.6,2.4,77.9
Perak,both,2015,1014.3,981.8,32.5,636.8,61.4,3.2,59.1
Perak,female,2015,370.6,357.6,13,437.3,45.9,3.5,44.1
Perak,male,2015,643.7,624.2,19.5,199.6,76.3,3,73.5
Perlis,both,2015,101.1,98.2,3,64.7,61,2.9,59
Perlis,female,2015,36.8,35.8,1,45.9,44.5,2.7,42.8
Perlis,male,2015,64.3,62.3,2,18.9,77.3,3.1,75.2
Penang,both,2015,848.1,834.2,14,365.8,69.9,1.6,68.3
Penang,female,2015,355.1,350.5,4.6,246.9,59,1.3,57.7
Penang,male,2015,493.1,483.7,9.3,118.9,80.6,1.9,78.8
Sabah,both,2015,1863.4,1771.1,92.3,815.9,69.5,5,66.3
Sabah,female,2015,650.1,616.2,34,619.7,51.2,5.2,48.7
Sabah,male,2015,1213.3,1155,58.3,196.2,86.1,4.8,82.2
Sarawak,both,2015,1258.3,1214.8,43.5,581.4,68.4,3.5,66.2
Sarawak,female,2015,454.3,438.6,15.7,413.4,52.4,3.5,50.6
Sarawak,male,2015,804,776.2,27.8,168.1,82.7,3.5,80.2
Selangor,both,2015,3212.9,3135,77.9,1183.6,73.1,2.4,70.7
Selangor,female,2015,1331.3,1292.8,38.4,768.3,63.4,2.9,61.2
Selangor,male,2015,1881.6,1842.2,39.5,415.3,81.9,2.1,79.5
Terengganu,both,2015,438,420.5,17.5,293.4,59.9,4,56.8
Terengganu,female,2015,159.4,153.4,5.9,201.2,44.2,3.7,42.4
Terengganu,male,2015,278.6,267,11.5,92.2,75.1,4.1,70.6
Kuala Lumpur,both,2015,882.6,853.4,29.1,369.6,70.5,3.3,65.6
Kuala Lumpur,female,2015,364.3,351.1,13.2,251.3,59.2,3.6,55.3
Kuala Lumpur,male,2015,518.3,502.4,15.9,118.4,81.4,3.1,75.3
Labuan,both,2015,41.5,39.5,2.1,22.9,64.5,5,60.4
Labuan,female,2015,14.4,13.7,0.7,17.6,45,4.9,42.2
Labuan,male,2015,27.2,25.8,1.4,5.3,83.6,5.1,78.2
Putrajaya,both,2015,38.9,38.5,0.4,10.8,78.2,1,75
Putrajaya,female,2015,21.4,21.2,0.2,6.7,76.3,0.9,74.4
Putrajaya,male,2015,17.5,17.3,0.2,4.2,80.7,1.2,76.9
Johor,both,2016,1639.1,1580.6,58.5,820.7,66.6,3.6,62.5
Johor,female,2016,576.2,554.2,22,578.4,49.9,3.8,47.1
Johor,male,2016,1062.9,1026.5,36.4,242.3,81.4,3.4,75.9
Kedah,both,2016,910.9,884.3,26.6,508.4,64.2,2.9,61.9
Kedah,female,2016,357.8,345.1,12.8,338.4,51.4,3.6,49.3
Kedah,male,2016,553.1,539.2,13.8,170,76.5,2.5,74.1
Kelantan,both,2016,657.8,632.9,24.9,454.8,59.1,3.8,55.8
Kelantan,female,2016,253.2,242.3,10.9,299.4,45.8,4.3,43
Kelantan,male,2016,404.6,390.6,14,155.4,72.3,3.5,68.5
Melaka,both,2016,400.8,397.3,3.5,211.9,65.4,0.9,63.9
Melaka,female,2016,164.1,162.3,1.8,139.8,54,1.1,52.7
Melaka,male,2016,236.7,235,1.7,72.1,76.6,0.7,74.8
Negeri Sembilan,both,2016,479.7,466.9,12.8,262.1,64.7,2.7,61.5
Pahang,both,2016,710.5,692.2,18.3,366.5,66,2.6,63.4
Pahang,female,2016,252.7,243.1,9.5,243.3,50.9,3.8,48.4
Pahang,male,2016,457.9,449.1,8.7,123.2,78.8,1.9,76.1
Perak,both,2016,1023.1,988.2,34.8,635.5,61.7,3.4,58.9
Perak,female,2016,379.5,362.1,17.4,432.8,46.7,4.6,44.1
Perak,male,2016,643.6,626.1,17.4,202.7,76.1,2.7,73
Perlis,both,2016,103.1,100.1,3,64.4,61.6,2.9,59.6
Perlis,female,2016,38.7,37.3,1.4,44.9,46.3,3.5,44.2
Perlis,male,2016,64.5,62.8,1.7,19.5,76.8,2.6,75.1
Penang,both,2016,845.5,827.4,18.1,379.8,69,2.1,66.8
Penang,female,2016,352,344.9,7.1,256,57.9,2,56
Penang,male,2016,493.5,482.5,11,123.8,79.9,2.2,77.4
Sabah,both,2016,1927.1,1823.7,103.3,793.4,70.8,5.4,66.5
Sabah,female,2016,705.4,662.1,43.3,584,54.7,6.1,51
Sabah,male,2016,1221.7,1161.6,60,209.5,85.4,4.9,80.4
Sarawak,both,2016,1260.1,1218.2,41.9,602.5,67.7,3.3,64.9
Sarawak,female,2016,448,432.4,15.6,429.2,51.1,3.5,48.8
Sarawak,male,2016,812.1,785.8,26.3,173.2,82.4,3.2,79.2
Selangor,both,2016,3325,3217.6,107.4,1156.1,74.2,3.2,71.3
Selangor,female,2016,1398.3,1343.2,55.1,740.3,65.4,3.9,62.4
Selangor,male,2016,1926.7,1874.4,52.2,415.8,82.2,2.7,79.5
Terengganu,both,2016,447.2,428.5,18.6,297.6,60,4.2,56.6
Terengganu,female,2016,159.2,154,5.2,207.8,43.4,3.2,41.6
Terengganu,male,2016,288,274.5,13.5,89.8,76.2,4.7,70.9
Kuala Lumpur,both,2016,855.4,827.2,28.2,400.7,68.1,3.3,63.3
Kuala Lumpur,female,2016,352,339.3,12.6,265.7,57,3.6,53.3
Kuala Lumpur,male,2016,503.4,487.9,15.5,135,78.9,3.1,72.9
Labuan,both,2016,43.6,40.2,3.4,21.9,66.5,7.8,60.3
Labuan,female,2016,15.5,14.1,1.4,16.9,47.8,8.9,42.6
Labuan,male,2016,28.1,26.1,2.1,5,84.9,7.3,78.1
Putrajaya,both,2016,38.9,38.2,0.7,11.2,77.6,1.7,74.3
Putrajaya,female,2016,21.1,20.8,0.3,7,75,1.6,72.5
Putrajaya,male,2016,17.7,17.4,0.3,4.2,80.9,1.9,76.7
Johor,both,2017,1673.8,1616.7,57.1,824.4,67,3.4,63
Johor,female,2017,583.8,562.8,21,579.7,50.2,3.6,47.1
Johor,male,2017,1090,1053.9,36.1,244.7,81.7,3.3,76.9
Kedah,both,2017,932.7,906.3,26.5,508.2,64.7,2.8,62.6
Kedah,female,2017,367.6,357.4,10.1,338.2,52.1,2.8,50.4
Kedah,male,2017,565.2,548.9,16.3,170.1,76.9,2.9,74.3
Kelantan,both,2017,701,676,25,446.2,61.1,3.6,58.3
Kelantan,female,2017,276.3,265.6,10.7,292.2,48.6,3.9,46.1
Kelantan,male,2017,424.7,410.5,14.3,154.1,73.4,3.4,70.2
Melaka,both,2017,410.3,406.3,4,215.4,65.6,1,64.4
Melaka,female,2017,165.6,163.7,1.9,141.2,54,1.1,52.4
Melaka,male,2017,244.6,242.5,2.1,74.2,76.7,0.9,76.2
Negeri Sembilan,both,2017,491.2,477.3,13.9,266.9,64.8,2.8,61.9
Pahang,both,2017,710.9,690.2,20.7,377.5,65.3,2.9,62.2
Pahang,female,2017,244,234.5,9.4,257.1,48.7,3.9,46
Pahang,male,2017,466.9,455.6,11.3,120.4,79.5,2.4,75.9
Perak,both,2017,1052.4,1013.3,39.1,617,63,3.7,59.8
Perak,female,2017,401.2,383.7,17.5,410.3,49.4,4.4,46.3
Perak,male,2017,651.2,629.7,21.6,206.7,75.9,3.3,72.8
Perlis,both,2017,101.9,98.4,3.5,68.1,59.9,3.4,58.4
Perlis,female,2017,38.4,36.6,1.8,47.5,44.7,4.6,43.1
Perlis,male,2017,63.5,61.8,1.7,20.7,75.5,2.7,73.8
Penang,both,2017,841.1,823.8,17.3,404.1,67.5,2.1,65.4
Penang,female,2017,343.7,336.5,7.2,273.5,55.7,2.1,53.7
Penang,male,2017,497.4,487.3,10.1,130.6,79.2,2,77
Sabah,both,2017,1903.8,1796.3,107.5,878.1,68.4,5.6,64.1
Sabah,female,2017,655.3,617.9,37.4,653.8,50.1,5.7,46.6
Sabah,male,2017,1248.5,1178.4,70.2,224.3,84.8,5.6,80
Sarawak,both,2017,1292.6,1253.7,38.9,612.9,67.8,3,65.7
Sarawak,female,2017,467.7,452.5,15.2,429.2,52.1,3.2,50.2
Sarawak,male,2017,824.9,801.2,23.7,183.6,81.8,2.9,79.5
Selangor,both,2017,3457.5,3359.4,98.1,1109.7,75.7,2.8,73.5
Selangor,female,2017,1489.3,1444.5,44.8,674.9,68.8,3,66.1
Selangor,male,2017,1968.1,1914.8,53.3,434.8,81.9,2.7,80.1
Terengganu,both,2017,458.8,438.3,20.6,303.9,60.2,4.5,56.5
Terengganu,female,2017,166.1,158.6,7.5,206.2,44.6,4.5,41.9
Terengganu,male,2017,292.7,279.6,13.1,97.6,75,4.5,70.5
Kuala Lumpur,both,2017,871.4,844.3,27.1,396.9,68.7,3.1,64.5
Kuala Lumpur,female,2017,350.8,338.7,12.1,262.8,57.2,3.5,53
Kuala Lumpur,male,2017,520.6,505.7,14.9,134.1,79.5,2.9,75.5
Labuan,both,2017,42,38.5,3.6,23.9,63.7,8.5,57.2
Labuan,female,2017,13.9,12.8,1.1,18.5,42.9,7.8,38.2
Labuan,male,2017,28.2,25.7,2.5,5.5,83.7,8.9,76
Putrajaya,both,2017,38.6,38,0.6,11.9,76.5,1.5,71.7
Putrajaya,female,2017,20.9,20.7,0.3,7.5,73.6,1.2,70.2
Putrajaya,male,2017,17.7,17.4,0.3,4.4,80.1,1.8,74.4
Johor,both,2018,1745.1,1693.3,51.9,788.2,68.9,3,65
Johor,female,2018,647.4,625.8,21.7,543.4,54.4,3.3,51.5
Johor,male,2018,1097.7,1067.5,30.2,244.9,81.8,2.8,76.9
Kedah,both,2018,936.7,909.2,27.5,538.9,63.5,2.9,62.2
Kedah,female,2018,363,351.8,11.2,361.6,50.1,3.1,49.2
Kedah,male,2018,573.6,557.4,16.3,177.3,76.4,2.8,74.7
Kelantan,both,2018,712,683.3,28.6,465.6,60.5,4,57.7
Kelantan,female,2018,271.9,257.6,14.3,312.8,46.5,5.3,44
Kelantan,male,2018,440.1,425.8,14.3,152.8,74.2,3.2,71.3
Melaka,both,2018,421.2,416.7,4.4,211.3,66.6,1.1,65.4
Melaka,female,2018,176.7,173.9,2.8,136.9,56.3,1.6,55.2
Melaka,male,2018,244.5,242.9,1.6,74.4,76.7,0.7,75.6
Negeri Sembilan,both,2018,503.6,488.6,14.9,261.9,65.8,3,62.9
Pahang,both,2018,735.6,716.6,19,369,66.6,2.6,63.7
Pahang,female,2018,252.9,244.7,8.3,257.9,49.5,3.3,47.3
Pahang,male,2018,482.7,472,10.7,111.1,81.3,2.2,77.6
Perak,both,2018,1069.8,1034.8,35,621.2,63.3,3.3,60.7
Perak,female,2018,413.5,396.2,17.3,414,50,4.2,47.4
Perak,male,2018,656.2,638.6,17.7,207.1,76,2.7,73.4
Perlis,both,2018,107.6,104,3.6,64.1,62.7,3.4,61.4
Perlis,female,2018,40.6,38.7,1.9,45.7,47.1,4.7,45.5
Perlis,male,2018,67,65.3,1.7,18.4,78.4,2.6,77.7
Penang,both,2018,849.4,830.8,18.6,405.1,67.7,2.2,65.2
Penang,female,2018,348.9,342.2,6.6,275.6,55.9,1.9,54
Penang,male,2018,500.6,488.6,12,129.5,79.5,2.4,76.3
Sabah,both,2018,1937.6,1825.5,112.2,901.5,68.2,5.8,64.1
Sabah,female,2018,670.3,625.1,45.2,677.7,49.7,6.7,46.3
Sabah,male,2018,1267.3,1200.4,66.9,223.8,85,5.3,80.2
Sarawak,both,2018,1316.7,1274.4,42.3,621.9,67.9,3.2,65.8
Sarawak,female,2018,471.3,454.7,16.6,443.9,51.5,3.5,49.6
Sarawak,male,2018,845.4,819.7,25.7,178,82.6,3,80.3
Selangor,both,2018,3546.3,3446.7,99.6,1102,76.3,2.8,74.3
Selangor,female,2018,1549.8,1504.5,45.3,677.1,69.6,2.9,67.9
Selangor,male,2018,1996.5,1942.2,54.4,424.9,82.5,2.7,80.2
Terengganu,both,2018,470.3,447.8,22.5,311.2,60.2,4.8,56.8
Terengganu,female,2018,169.1,160.9,8.2,213.9,44.2,4.9,41.7
Terengganu,male,2018,301.2,286.9,14.3,97.4,75.6,4.7,71.2
Kuala Lumpur,both,2018,844.9,824.4,20.5,396.6,68.1,2.4,63.2
Kuala Lumpur,female,2018,343.8,335.1,8.7,265.4,56.4,2.5,52.7
Kuala Lumpur,male,2018,501,489.3,11.8,131.2,79.3,2.3,73.1
Labuan,both,2018,44.6,41.5,3.2,23.9,65.1,7.1,60.8
Labuan,female,2018,15.7,14.9,0.7,18.5,45.8,4.7,43.7
Labuan,male,2018,29,26.5,2.5,5.4,84.3,8.5,77.5
Putrajaya,both,2018,38.9,38.4,0.5,12.1,76.2,1.3,63.6
Putrajaya,female,2018,21.3,21.1,0.2,7.2,74.6,0.8,62.6
Putrajaya,male,2018,17.6,17.3,0.3,4.9,78.3,1.8,64.6
Johor,both,2019,1805.7,1756.1,49.6,761.6,70.3,2.7,67.3
Johor,female,2019,682.3,665.2,17.1,524.5,56.5,2.5,54.3
Johor,male,2019,1123.4,1091,32.5,237.1,82.6,2.9,78.8
Kedah,both,2019,950,923.6,26.3,551.3,63.3,2.8,63
Kedah,female,2019,357.8,347.6,10.2,377.8,48.6,2.8,48.3
Kedah,male,2019,592.1,576,16.1,173.5,77.3,2.7,77.1
Kelantan,both,2019,710.5,682.4,28.1,495.4,58.9,4,56.8
Kelantan,female,2019,264.6,250.9,13.7,336.4,44,5.2,42.2
Kelantan,male,2019,445.9,431.5,14.4,159,73.7,3.2,71.2
Melaka,both,2019,432.9,428.3,4.6,207.6,67.6,1.1,66.9
Melaka,female,2019,179.4,176.6,2.8,137.6,56.6,1.6,55.6
Melaka,male,2019,253.5,251.7,1.8,70.1,78.3,0.7,78
Negeri Sembilan,both,2019,497.8,482.5,15.4,272.2,64.7,3.1,62
Pahang,both,2019,741,719.5,21.4,375,66.4,2.9,63.7
Pahang,female,2019,251.7,243,8.7,263.3,48.9,3.5,46.5
Pahang,male,2019,489.2,476.5,12.7,111.7,81.4,2.6,78.3
Perak,both,2019,1080.3,1043.7,36.7,618.3,63.6,3.4,60.9
Perak,female,2019,407.4,388.6,18.8,422.8,49.1,4.6,46.3
Perak,male,2019,672.9,655.1,17.9,195.6,77.5,2.7,75.1
Perlis,both,2019,112.2,108.5,3.7,61.3,64.7,3.3,64.2
Perlis,female,2019,44.7,42.8,1.9,42.3,51.4,4.4,50.4
Perlis,male,2019,67.5,65.8,1.7,19,78,2.6,78.2
Penang,both,2019,852.3,835.6,16.7,414.1,67.3,2,65.4
Penang,female,2019,342.3,336,6.3,290.6,54.1,1.9,52.8
Penang,male,2019,509.9,499.6,10.3,123.5,80.5,2,77.8
Sabah,both,2019,2025.7,1908.6,117.1,868.3,70,5.8,66.8
Sabah,female,2019,723.4,680.9,42.6,655.1,52.5,5.9,50.2
Sabah,male,2019,1302.3,1227.7,74.6,213.1,85.9,5.7,81.8
Sarawak,both,2019,1346.8,1304.7,42.1,623.1,68.4,3.1,66.7
Sarawak,female,2019,479.7,462.3,17.4,448.7,51.7,3.6,49.7
Sarawak,male,2019,867.1,842.4,24.7,174.4,83.3,2.8,82
Selangor,both,2019,3592.9,3489.5,103.4,1136.8,76,2.9,75
Selangor,female,2019,1580.1,1536.2,43.9,688.7,69.6,2.8,68.8
Selangor,male,2019,2012.7,1953.3,59.4,448.1,81.8,3,80.6
Terengganu,both,2019,488.2,471,17.2,310.4,61.1,3.5,59
Terengganu,female,2019,178.2,171.7,6.5,213.4,45.5,3.7,43.9
Terengganu,male,2019,310,299.3,10.7,96.9,76.2,3.5,73.6
Kuala Lumpur,both,2019,863.4,841,22.4,369.6,70,2.6,64.9
Kuala Lumpur,female,2019,363.1,353.4,9.7,241.4,60.1,2.7,56
Kuala Lumpur,male,2019,500.3,487.6,12.8,128.2,79.6,2.6,73.4
Labuan,both,2019,43.3,40.3,3,26.4,62.2,6.9,58.7
Labuan,female,2019,14.8,14.1,0.7,19.9,42.7,4.8,41
Labuan,male,2019,28.5,26.2,2.3,6.5,81.5,8,76.8
Putrajaya,both,2019,38.6,38.1,0.4,12.2,75.9,1.2,58.6
Putrajaya,female,2019,20.7,20.3,0.3,7.5,73.4,1.7,55.9
Putrajaya,male,2019,17.9,17.8,0.1,4.7,79.2,0.6,62
Johor,both,2020,1990.9,1920.5,70.3,826.9,70.7,3.5,68.4
Johor,female,2020,646.7003018,620.5957714,26.1045304,634.1549039,50.4897274,4.036573097,48.6
Johor,male,2020,1344.155034,1299.921607,44.23342709,192.7751654,87.45712945,3.290798007,85
Kedah,both,2020,904.5,867,37.5,520.6,63.5,4.2,60.9
Kedah,female,2020,323.6834105,309.7587395,13.92467104,370.3175552,46.64019598,4.301941524,44.6
Kedah,male,2020,580.8487084,557.2344298,23.61427863,150.3224036,79.44087217,4.065478375,76.3
Kelantan,both,2020,645.2,617.9,27.3,496.4,56.5,4.2,54.1
Kelantan,female,2020,237.4549897,224.8998611,12.55512863,332.544933,41.65877578,5.287371997,39.4
Kelantan,male,2020,407.7596408,392.9648898,14.79475097,163.8053513,71.34090548,3.628301943,68.8
Melaka,both,2020,464.9,453.8,11.1,237,66.2,2.4,64.7
Melaka,female,2020,175.623374,170.1457286,5.477645399,151.9195615,53.61842829,3.118972876,52
Melaka,male,2020,289.2597903,283.6505909,5.609199404,85.03742216,77.28077599,1.939156285,75.8
Negeri Sembilan,both,2020,531.3,511.2,20.1,285.5,65,3.8,62.6
Pahang,both,2020,703.4,681.2,22.2,363.3,65.9,3.2,63.9
Pahang,female,2020,237.3570534,227.9435409,9.413512569,253.954462,48.31090784,3.96597128,46.4
Pahang,male,2020,466.0125533,453.2390596,12.77349371,109.3177584,80.99913108,2.741019232,78.8
Perak,both,2020,1090.8,1042.1,48.7,605.5,64.3,4.5,61.5
Perak,female,2020,399.5972579,378.2261463,21.37111163,399.5316026,50.00410793,5.348162733,47.4
Perak,male,2020,691.2031636,663.9072673,27.29589635,205.9687906,77.0424399,3.949041004,74.1
Perlis,both,2020,121.7,116.4,5.3,82.6,59.6,4.3,57
Perlis,female,2020,48.73300563,46.31758567,2.415419956,53.2776646,47.77245902,4.956435428,45.4
Perlis,male,2020,72.91974062,70.07057527,2.849165348,29.28884059,71.34404935,3.907262045,68.6
Penang,both,2020,866.8,836,30.8,408.3,68,3.6,65.5
Penang,female,2020,343.778762,336.4525656,7.326196394,279.0860647,55.19315704,2.131078823,54
Penang,male,2020,523.020243,499.510317,23.509926,129.192247,80.19169381,4.495031754,76.5
Sabah,both,2020,1585.4,1455.5,129.9,735.1,68.3,8.2,62.7
Sabah,female,2020,587.5980085,539.0468841,48.55112448,516.9642476,53.19736441,8.262642788,48.8
Sabah,male,2020,997.8144667,916.4353061,81.37916058,218.1314543,82.06076022,8.155740701,75.4
Sarawak,both,2020,1141.6,1092.9,48.7,583,66.2,4.3,63.2
Sarawak,female,2020,412.5347462,395.1401308,17.39461539,415.9402139,49.79447371,4.216521287,47.7
Sarawak,male,2020,729.089238,697.7540704,31.33516759,167.0324952,81.36051287,4.297850792,77.6
Selangor,both,2020,3761.5,3593.3,168.3,1212.9,75.6,4.5,72.4
Selangor,female,2020,1597.0658,1524.49514,72.57065961,695.2346017,69.67087729,4.543999354,66.7
Selangor,male,2020,2164.483041,2068.768527,95.71451336,517.6964677,80.69866442,4.422049586,77.3
Terengganu,both,2020,455.5,436.2,19.3,301.2,60.2,4.2,57.6
Terengganu,female,2020,157.8110658,150.8730121,6.938053694,209.3545468,42.98089482,4.396430415,41.1
Terengganu,male,2020,297.6691241,285.2867594,12.38236479,91.79785512,76.42987467,4.159774658,73.2
Kuala Lumpur,both,2020,1049.5,1006.4,43.1,408.3,72,4.1,69.1
Kuala Lumpur,female,2020,422.2762587,402.1074481,20.16881053,244.6305795,63.31862781,4.776212281,60.3
Kuala Lumpur,male,2020,627.1968864,604.2926586,22.90422775,163.6333903,79.30865887,3.651840156,76.6
Labuan,both,2020,42.6,39.4,3.1,23.1,64.9,7.3,60.6
Labuan,female,2020,15.03595133,14.33956529,0.696386038,17.56380461,46.1228954,4.631473076,44.3
Labuan,male,2020,27.52694747,25.09613246,2.430815011,5.490513896,83.37087811,8.830674062,76
Putrajaya,both,2020,50.5,49.7,0.7,15.8,76.1,1.5,75.2
Putrajaya,female,2020,26.80102431,26.3410813,0.45994301,7.984957767,77.04547266,1.71613967,76.1
Putrajaya,male,2020,23.69123963,23.40694976,0.284289868,7.845671375,75.12225793,1.199978864,74.3
Johor,both,2021,1986.7,1913.2,73.5,832.1,70.5,3.7,68
Johor,female,2021,645.6912675,616.5599095,29.13135805,641.6961891,50.15516224,4.511654334,48
Johor,male,2021,1341.022057,1296.63631,44.38574648,190.402847,87.5669485,3.309844626,84.9
Kedah,both,2021,916,880.1,35.9,521.9,63.7,3.9,61.3
Kedah,female,2021,337.2860342,320.0709493,17.21508484,364.8137526,48.03961495,5.104001678,45.7
Kedah,male,2021,578.6826932,560.0288076,18.65388566,157.0593296,78.65293476,3.223508475,76.2
Kelantan,both,2021,644.2,618.2,26,509.8,55.8,4,53.6
Kelantan,female,2021,238.1325132,226.1402102,11.99230297,338.589628,41.29068336,5.035978837,39.2
Kelantan,male,2021,406.0631732,392.0504076,14.01276553,171.1989234,70.34294744,3.450883128,67.9
Melaka,both,2021,479.6,469.6,10.1,224.9,68.1,2.1,66.6
Melaka,female,2021,184.5243353,181.2783601,3.245975167,144.1335404,56.14480861,1.75910411,55
Melaka,male,2021,295.1231862,288.3047046,6.818481616,80.81587663,78.50293182,2.310384929,76.8
Negeri Sembilan,both,2021,526.6,505.6,21,292.8,64.3,4,61.9
Pahang,both,2021,694.7,672.1,22.6,385,64.3,3.3,62.3
Pahang,female,2021,234.0943253,224.8366229,9.25770245,264.747098,46.92760352,3.954688964,45.1
Pahang,male,2021,460.6079351,447.232529,13.37540612,120.235838,79.29979737,2.903859248,77
Perak,both,2021,1109.6,1056.9,52.7,600.7,64.9,4.7,61.9
Perak,female,2021,402.5071949,379.6537217,22.85347324,403.3353418,49.94861608,5.677780056,47.2
Perak,male,2021,707.065269,677.2436079,29.82166111,197.3615579,78.17827247,4.217667366,75
Perlis,both,2021,122.7,117.4,5.4,83.3,59.6,4.4,56.6
Perlis,female,2021,48.43347421,45.55596297,2.877511235,55.39173572,46.64905011,5.941162145,43.9
Perlis,male,2021,74.28667902,71.79611236,2.490566656,27.90105037,72.69628111,3.352642344,69.3
Penang,both,2021,886.3,854.3,32,389.9,69.4,3.6,67
Penang,female,2021,350.1772986,342.6223235,7.554975127,272.6379628,56.22490654,2.157471417,55
Penang,male,2021,536.1124128,511.6571237,24.45528908,117.2696102,82.05190745,4.561597251,78.5
Sabah,both,2021,1605.7,1469.1,136.5,733,68.7,8.5,62.9
Sabah,female,2021,611.0569402,550.2059519,60.85098828,499.3856241,55.02823468,9.958317183,49.6
Sabah,male,2021,994.5942937,918.930733,75.66356063,233.6112688,80.97946501,7.607479865,75
Sarawak,both,2021,1155.7,1103.4,52.3,584.9,66.4,4.5,63.4
Sarawak,female,2021,426.8454814,408.6146411,18.23084026,409.8335795,51.01663246,4.271063197,48.9
Sarawak,male,2021,728.8262401,694.7510189,34.07522119,175.1037167,80.62861891,4.675355979,76.9
Selangor,both,2021,3809.6,3641,168.6,1178.7,76.4,4.4,73.1
Selangor,female,2021,1607.282625,1546.486654,60.79597106,702.6750335,69.58060981,3.782531467,67.1
Selangor,male,2021,2202.328534,2094.525672,107.8028619,476.0173406,82.22718936,4.894949152,78.4
Terengganu,both,2021,456.9,438.2,18.6,312.8,59.4,4.1,56.9
Terengganu,female,2021,154.5637975,147.1354281,7.428369355,218.2556478,41.45808365,4.806021512,39.5
Terengganu,male,2021,302.3185715,291.101351,11.21722047,94.55972823,76.17412484,3.710397419,73.3
Kuala Lumpur,both,2021,1040.7,992.5,48.3,414,71.5,4.6,68.5
Kuala Lumpur,female,2021,428.4071636,408.3749149,20.03224874,240.6763557,64.02895173,4.675983606,61.1
Kuala Lumpur,male,2021,612.3204389,584.0911801,28.22925874,173.3493417,77.93610674,4.610210104,74.7
Labuan,both,2021,44,40.7,3.3,22.3,66.3,7.5,62
Labuan,female,2021,15.92335339,15.35097677,0.572376624,16.99630914,48.37034213,3.594573392,47.5
Labuan,male,2021,28.0632039,25.32326763,2.739936267,5.347180992,83.99545229,9.763447811,76
Putrajaya,both,2021,53.9,53,0.9,16.1,77,1.6,75.4
Putrajaya,female,2021,28.55700866,28.04801673,0.508991926,8.203636554,77.68364372,1.782371297,76.8
Putrajaya,male,2021,25.31297837,24.96401585,0.348962519,7.900939981,76.21196061,1.378591306,74.1
Johor,both,2022,2013.4,1949.2,64.2,818.2,71.1,3.2,68.9
Johor,female,2022,659.3847186,632.9585277,26.42619094,639.8621659,50.75130266,4.007704486,48.8
Johor,male,2022,1354.004398,1316.198574,37.80582447,178.3713539,88.35981621,2.79214931,86
Kedah,both,2022,928,900.4,27.6,518.4,64.2,3,62.3
Kedah,female,2022,338.264743,323.1611251,15.10361793,368.1356637,47.88569483,4.465028721,45.8
Kedah,male,2022,589.7294668,577.2790768,12.45039003,150.2544986,79.69489805,2.111203651,78.1
Kelantan,both,2022,658,634.4,23.7,511.1,56.3,3.6,54.3
Kelantan,female,2022,242.3944147,232.4637966,9.930618113,341.5676908,41.50858634,4.096884049,39.8
Kelantan,male,2022,415.6402743,401.8959881,13.74428617,169.5119505,71.03113629,3.306774396,68.7
Melaka,both,2022,494.6,486.3,8.3,213.7,69.8,1.7,68.8
Melaka,female,2022,192.4240811,190.688819,1.735262139,139.2732711,58.01194367,0.901790529,57.6
Melaka,male,2022,302.1460285,295.6267299,6.519298553,74.38590424,80.24446328,2.157664817,78.7
Negeri Sembilan,both,2022,535.3,517,18.3,287.1,65.1,3.4,63
Pahang,both,2022,708.8,692.3,16.5,388.3,64.6,2.3,63.2
Pahang,female,2022,239.7464365,232.4137663,7.332670261,267.9771861,47.21987039,3.058510636,45.9
Pahang,male,2022,469.0597831,459.8431126,9.216670562,120.3236127,79.58483161,1.964924492,78
Perak,both,2022,1119.1,1070.2,48.9,592.6,65.4,4.4,62.6
Perak,female,2022,407.4243322,385.7676129,21.6567193,401.5914843,50.36049035,5.315519371,47.7
Perak,male,2022,711.6798844,684.4201644,27.25971995,191.0090487,78.8399922,3.830334472,75.9
Perlis,both,2022,126,120.6,5.5,82.9,60.3,4.3,57.7
Perlis,female,2022,49.15504068,46.12520955,3.029831129,56.14875812,46.67926632,6.163825901,44.2
Perlis,male,2022,76.86990317,74.43193157,2.437971605,26.70654909,74.21561706,3.171555452,71.3
Penang,both,2022,895.6,871,24.6,381.2,70.1,2.7,68.3
Penang,female,2022,351.9234643,344.6772337,7.246230652,270.8724211,56.50703104,2.059035952,55.3
Penang,male,2022,543.6385422,526.3166591,17.32188315,110.3388846,83.12802857,3.186286807,80.6
Sabah,both,2022,1629.4,1504.4,125,728,69.1,7.7,63.8
Sabah,female,2022,614.6124978,557.5621574,57.05034038,508.8299798,54.70796325,9.282326765,49.7
Sabah,male,2022,1014.743711,946.8353771,67.90833348,219.165684,82.23810557,6.692165989,76.6
Sarawak,both,2022,1180.8,1136,44.8,568,67.5,3.8,64.8
Sarawak,female,2022,432.1184011,416.1655752,15.95282587,410.9548914,51.25514056,3.691771937,49.3
Sarawak,male,2022,748.6766864,719.8046105,28.87207591,157.0859385,82.65705228,3.856414449,79.1
Selangor,both,2022,3853,3706.5,146.6,1162,76.8,3.8,74
Selangor,female,2022,1625.056332,1580.531613,44.52471893,704.9252965,69.74545688,2.739887723,67.9
Selangor,male,2022,2227.990796,2125.94729,102.0435066,457.047195,82.97799896,4.580068587,79.2
Terengganu,both,2022,467.1,450.7,16.4,314.4,59.8,3.5,57.7
Terengganu,female,2022,158.0560616,150.9279753,7.128086336,220.2433867,41.78067462,4.509846863,39.9
Terengganu,male,2022,309.0475901,299.818194,9.229396124,94.17793871,76.64385512,2.986399641,74.4
Kuala Lumpur,both,2022,1060.3,1019.7,40.5,397.3,72.7,3.8,70
Kuala Lumpur,female,2022,439.7478148,423.189846,16.55796884,234.1513271,65.25424762,3.765332829,62.8
Kuala Lumpur,male,2022,620.5157306,596.5495895,23.96614111,163.1062473,79.18559562,3.862293884,76.2
Labuan,both,2022,44.6,41.5,3.1,21.6,67.4,6.9,63
Labuan,female,2022,16.1122802,15.54703327,0.565246936,16.59118098,49.26781331,3.508174691,47.8
Labuan,male,2022,28.47153228,25.97646645,2.495065826,4.981581664,85.10876544,8.763370379,78
Putrajaya,both,2022,55.8,55.1,0.7,16,77.7,1.3,76.6
Putrajaya,female,2022,29.40330481,28.94552088,0.457783933,7.940207203,78.73738496,1.556913197,77.4
Putrajaya,male,2022,26.41911606,26.1581078,0.261008261,8.054575479,76.63558755,0.987952287,76
Johor,both,2023,2071.3,2017.9,53.4,833.6,71.3,2.6,69.5
Johor,female,2023,670.7663932,648.4483523,22.3180409,649.8573773,50.79163409,3.327244943,49.1
Johor,male,2023,1400.581504,1369.477154,31.10434917,183.7435325,88.40240933,2.220816788,86.4
Kedah,both,2023,955.1,927.5,27.6,508.5,65.3,2.9,63.5
Kedah,female,2023,354.8933643,339.2864859,15.60687845,357.9682728,49.78432642,4.397624756,47.7
Kedah,male,2023,600.2031618,588.181,12.02216176,150.566853,79.94500978,2.003015399,78.5
Kelantan,both,2023,685.3,661.1,24.3,510,57.3,3.5,55.3
Kelantan,female,2023,257.6327226,247.1567312,10.47599137,338.1045888,43.24602768,4.066250307,41.5
Kelantan,male,2023,427.701737,413.9051678,13.7965692,171.913931,71.32931306,3.225745423,69
Melaka,both,2023,508.1,499.8,8.4,217.1,70.1,1.6,69
Melaka,female,2023,195.4822827,193.7437733,1.738509459,141.3346583,58.0381385,0.889343748,57.6
Melaka,male,2023,312.6488657,306.0226736,6.626192142,75.80186607,80.48610548,2.11937188,78.9
Negeri Sembilan,both,2023,553.9,536.1,17.7,283.5,66.1,3.2,64.1
Pahang,both,2023,735.7,720.9,14.8,393.6,65.1,2,63.9
Pahang,female,2023,244.4707773,237.763201,6.707576301,272.314494,47.30606518,2.74371292,46.1
Pahang,male,2023,491.199842,483.1367898,8.063052194,121.3210352,80.19315917,1.641501382,79
Perak,both,2023,1148.8,1104.2,44.5,592.7,66,3.9,63.5
Perak,female,2023,411.6314268,392.3104799,19.32094692,405.5313031,50.37325024,4.693749229,48
Perak,male,2023,737.1351396,711.9372056,25.19793402,187.205299,79.74714822,3.418360171,77.1
Perlis,both,2023,130.6,124.9,5.7,81.2,61.7,4.4,58.9
Perlis,female,2023,50.26720591,47.1284665,3.138739406,55.9329298,47.33252512,6.244109552,44.5
Perlis,male,2023,80.37558923,77.78146397,2.59412526,25.23317796,76.10692878,3.227503879,73.4
Penang,both,2023,926.2,905.6,20.5,373.1,71.3,2.2,69.7
Penang,female,2023,363.3047367,356.3005493,7.004187436,269.6290741,57.40011522,1.927909749,56.3
Penang,male,2023,562.8457579,549.3253508,13.52040707,103.4630101,84.47221242,2.402151368,82.4
Sabah,both,2023,1754,1622.2,131.8,747.7,70.1,7.5,64.8
Sabah,female,2023,663.2719241,604.7136608,58.55826325,523.8453974,55.87248304,8.828696215,50.9
Sabah,male,2023,1090.721016,1017.502648,73.2183683,223.8552066,82.97130264,6.712841065,77.4
Sarawak,both,2023,1234.6,1192.5,42.1,555.2,69,3.4,67
Sarawak,female,2023,449.7487131,434.4767137,15.27199937,408.2842827,52.41624918,3.395673835,50.8
Sarawak,male,2023,784.878297,758.0330343,26.8452627,146.9193794,84.23269524,3.420308957,81.9
Selangor,both,2023,3967.6,3858.9,108.7,1156.8,77.4,2.7,75.4
Selangor,female,2023,1645.671781,1614.851002,30.82077868,715.278414,69.70379064,1.872838742,68.5
Selangor,male,2023,2321.942422,2244.024375,77.91804634,441.5211513,84.02290677,3.355726895,81.2
Terengganu,both,2023,478.7,462.4,16.4,319.7,60,3.4,57.9
Terengganu,female,2023,161.4993753,154.4295513,7.06982396,222.9363303,42.00946295,4.377616909,40.1
Terengganu,male,2023,317.2182214,307.9292617,9.288959651,96.72836513,76.63264578,2.928255386,74.5
Kuala Lumpur,both,2023,1111.7,1077.9,33.9,387.2,74.2,3,71.6
Kuala Lumpur,female,2023,457.7763972,447.6509257,10.12547154,230.1406555,66.54528993,2.211881521,65
Kuala Lumpur,male,2023,653.963863,630.2212691,23.74259393,157.0279033,80.63754655,3.630566652,77.2
Labuan,both,2023,46.5,43.4,3.1,22,67.9,6.8,63.8
Labuan,female,2023,16.89530463,16.30544859,0.589856035,16.92716373,49.95290246,3.49124238,48.2
Labuan,male,2023,29.62151705,27.06247234,2.559044708,5.090602057,85.33479895,8.639141284,78.9
Putrajaya,both,2023,58.6,58.1,0.5,15.9,78.6,0.8,78.7
Putrajaya,female,2023,30.45159902,30.04292998,0.40866904,8.003501879,79.18741158,1.34202818,78.6
Putrajaya,male,2023,28.15577858,28.0995218,0.056256786,7.908277786,78.0715799,0.199805472,79.4
